date,date,title,content,source,sentiment
2023-10-15,2023-10-15,Historic Collaboration Between USA and Japan on Space Exploration,"In a landmark agreement, the United States and Japan have announced a joint mission to explore the moon's South Pole. The collaboration aims to advance scientific knowledge and foster international cooperation in space exploration. The mission is slated to launch in 2025 and will involve cutting-edge technology from both nations.",Government,positive
2023-10-16,2023-10-16,Severe Wildfires in California Lead to State of Emergency,"California Governor Gavin Newsom has declared a state of emergency as multiple wildfires continue to ravage parts of the state. Thousands of residents have been evacuated, and firefighters are working tirelessly to control the blazes. The fires have already destroyed hundreds of homes and caused significant environmental damage.",Government,negative
2023-10-17,2023-10-17,Major Financial Crisis Hits Wall Street,"Wall Street experienced a significant downturn today as major stock indices plummeted. Experts attribute the crash to a combination of rising inflation, supply chain disruptions, and geopolitical tensions. Investors are bracing for a prolonged period of economic instability.",Government,negative
2023-10-18,2023-10-18,Federal Reserve Increases Interest Rates by 0.25%,"The Federal Reserve has announced a 0.25% increase in interest rates, citing concerns over rising inflation. This decision marks the third rate hike this year and is aimed at cooling down an overheated economy. The move is expected to affect mortgage rates, credit card interest, and other forms of borrowing.",Federal Reserve,neutral
2023-10-19,2023-10-19,Federal Reserve Signals Possible Rate Hike in December,"In a recent statement, Federal Reserve Chair Jerome Powell indicated that another interest rate hike could be on the horizon for December. The statement has caused market speculation, with investors trying to anticipate the Fed's next move. The potential rate hike is seen as a measure to combat persistent inflation.",Federal Reserve,neutral
2023-10-20,2023-10-20,Federal Reserve Keeps Interest Rates Unchanged Amid Economic Uncertainty,"The Federal Reserve has decided to keep interest rates unchanged, citing ongoing economic uncertainty and mixed signals from various economic indicators. The decision comes after a series of rate hikes earlier this year and reflects a cautious approach to monetary policy.",Federal Reserve,neutral
2023-10-21,2023-10-21,Federal Reserve Cuts Interest Rates by 0.1% to Stimulate Economy,"In a surprising move, the Federal Reserve has cut interest rates by 0.1% in an effort to stimulate economic growth. The decision comes amid concerns about slowing economic activity and aims to encourage borrowing and investment. This is the first rate cut in over a year.",Federal Reserve,neutral
2023-10-01,2023-10-01,Energy Sector Sees Significant Investment in Renewable Resources,The energy sector is witnessing a surge in investments aimed at renewable resources. Companies are increasingly focusing on solar and wind energy projects.,Energy,Positive
2023-10-02,2023-10-02,Oil Prices Surge Amid Global Supply Concerns,Oil prices have surged due to concerns over global supply disruptions. Experts predict further price increases in the coming months.,Energy,Negative
2023-10-03,2023-10-03,Natural Gas Demand Increases as Winter Approaches,"As winter approaches, the demand for natural gas is increasing, leading to higher prices and a bullish market outlook.",Energy,Neutral
2023-10-04,2023-10-04,Energy Sector Stocks Gain Amid Renewable Energy Boom,Stocks in the energy sector are gaining as companies report strong earnings driven by investments in renewable energy.,Energy,Positive
2023-10-05,2023-10-05,Government Incentives Boost Solar Energy Projects,"Government incentives are driving growth in solar energy projects, with several new initiatives announced to support the industry.",Energy,Positive
2023-10-06,2023-10-06,Energy Companies Face Challenges with Carbon Emission Regulations,"Energy companies are facing challenges as new carbon emission regulations come into effect, requiring significant adjustments to operations.",Energy,Negative
2023-10-07,2023-10-07,Electric Vehicle Market Drives Demand for Lithium,"The growing electric vehicle market is driving demand for lithium, essential for battery production, leading to increased mining activities.",Energy,Positive
2023-10-08,2023-10-08,Nuclear Energy Sector Seeks Expansion Amid Climate Concerns,The nuclear energy sector is seeking expansion as a reliable and clean energy source amid growing climate concerns.,Energy,Neutral
2023-10-09,2023-10-09,Energy Storage Solutions Gain Traction,"Innovative energy storage solutions are gaining traction, promising to enhance the efficiency and reliability of renewable energy systems.",Energy,Positive
2023-10-10,2023-10-10,Hydropower Projects Face Environmental Scrutiny,"New hydropower projects are facing environmental scrutiny, with concerns about their impact on local ecosystems and communities.",Energy,Negative
2023-10-11,2023-10-11,Materials Sector Sees Increased Demand for Sustainable Products,"The materials sector is experiencing increased demand for sustainable products, driven by consumer awareness and regulatory requirements.",Materials,Positive
2023-10-12,2023-10-12,Metal Prices Fluctuate Amid Global Trade Tensions,"Metal prices are fluctuating due to ongoing global trade tensions, affecting the profitability of companies in the materials sector.",Materials,Negative
2023-10-13,2023-10-13,Recycling Initiatives Gain Momentum in Materials Industry,"Recycling initiatives are gaining momentum in the materials industry, with companies investing in technologies to reduce waste and improve sustainability.",Materials,Positive
2023-10-14,2023-10-14,Construction Materials Demand Rises with Infrastructure Projects,"Demand for construction materials is rising as new infrastructure projects are launched, spurring growth in the sector.",Materials,Positive
2023-10-15,2023-10-15,Chemical Industry Faces Regulatory Challenges,"The chemical industry is facing regulatory challenges with new safety and environmental standards coming into effect, impacting operations.",Materials,Negative
2023-10-16,2023-10-16,Innovation in Biodegradable Materials Gains Traction,"Innovation in biodegradable materials is gaining traction, with companies developing new products to meet sustainability goals.",Materials,Positive
2023-10-17,2023-10-17,Materials Sector Sees Investment in Nanotechnology,"Investment in nanotechnology is increasing within the materials sector, promising advancements in various applications from medical to industrial.",Materials,Positive
2023-10-18,2023-10-18,Steel Industry Faces Pressure from Climate Policies,"The steel industry is facing pressure from new climate policies, requiring companies to adopt greener production methods.",Materials,Neutral
2023-10-19,2023-10-19,Materials Sector Adopts Circular Economy Models,"The materials sector is increasingly adopting circular economy models, focusing on reuse and recycling to reduce environmental impact.",Materials,Positive
2023-10-20,2023-10-20,Commodity Prices Impact Profit Margins in Materials Industry,"Fluctuating commodity prices are impacting profit margins in the materials industry, prompting companies to adopt more flexible pricing strategies.",Materials,Negative
2023-10-21,2023-10-21,Manufacturing Sector Boosted by Advanced Automation,"The manufacturing sector is being boosted by advanced automation technologies, leading to increased efficiency and productivity.",Industrials,Positive
2023-10-22,2023-10-22,Aerospace Industry Faces Supply Chain Disruptions,"The aerospace industry is facing supply chain disruptions, affecting production schedules and leading to delays in project completions.",Industrials,Negative
2023-10-23,2023-10-23,Transportation Sector Adopts Electric Vehicles,"The transportation sector is increasingly adopting electric vehicles, driven by environmental regulations and consumer demand for green alternatives.",Industrials,Positive
2023-10-24,2023-10-24,Robotics Revolutionizing Industrial Operations,"Robotics are revolutionizing industrial operations, with companies integrating advanced robotics to improve efficiency and reduce labor costs.",Industrials,Positive
2023-10-25,2023-10-25,Industrial Sector Faces Labor Shortages,"The industrial sector is facing labor shortages, leading to increased hiring costs and potential delays in production schedules.",Industrials,Negative
2023-10-26,2023-10-26,Construction Industry Sees Growth in Green Building Projects,"The construction industry is seeing growth in green building projects, with a focus on sustainability and energy efficiency.",Industrials,Positive
2023-10-27,2023-10-27,Defense Industry Investments Increase Amid Geopolitical Tensions,"Investments in the defense industry are increasing amid rising geopolitical tensions, leading to growth in defense-related manufacturing.",Industrials,Neutral
2023-10-28,2023-10-28,Industrial Equipment Market Expands with Technological Advancements,The industrial equipment market is expanding as technological advancements drive demand for more efficient and versatile machinery.,Industrials,Positive
2023-10-29,2023-10-29,Supply Chain Innovations Enhance Industrial Efficiency,"Innovations in supply chain management are enhancing efficiency in the industrial sector, reducing costs and improving delivery times.",Industrials,Positive
2023-10-30,2023-10-30,Manufacturing Sector Faces Environmental Compliance Challenges,"The manufacturing sector is facing challenges with environmental compliance, requiring investments in cleaner technologies and processes.",Industrials,Negative
2023-10-31,2023-10-31,Consumer Staples Sector Benefits from Rising Demand for Organic Products,"The consumer staples sector is benefiting from rising demand for organic products, with companies expanding their organic product lines.",Consumer Staples,Positive
2023-11-01,2023-11-01,Food and Beverage Industry Faces Supply Chain Disruptions,"The food and beverage industry is facing supply chain disruptions, impacting the availability of products and leading to higher prices.",Consumer Staples,Negative
2023-11-02,2023-11-02,Household Products Industry Sees Growth in Eco-Friendly Goods,"The household products industry is seeing growth in eco-friendly goods, driven by consumer demand for sustainable alternatives.",Consumer Staples,Positive
2023-11-03,2023-11-03,Retail Sector Adapts to Changing Consumer Preferences,"The retail sector is adapting to changing consumer preferences, with a focus on online shopping and personalized customer experiences.",Consumer Staples,Neutral
2023-11-04,2023-11-04,Consumer Staples Sector Faces Inflationary Pressures,"The consumer staples sector is facing inflationary pressures, leading to higher costs for raw materials and squeezing profit margins.",Consumer Staples,Negative
2023-11-05,2023-11-05,Pharmaceutical Industry Sees Growth in OTC Medications,"The pharmaceutical industry is seeing growth in over-the-counter (OTC) medications, driven by consumer preference for self-medication.",Consumer Staples,Positive
2023-11-06,2023-11-06,Tobacco Industry Faces Regulatory Hurdles,"The tobacco industry is facing regulatory hurdles as new health regulations come into effect, impacting sales and marketing strategies.",Consumer Staples,Negative
2023-11-07,2023-11-07,Personal Care Products Market Expands with New Innovations,"The personal care products market is expanding with new innovations, including natural and organic formulations that cater to consumer demand.",Consumer Staples,Positive
2023-11-08,2023-11-08,Consumer Staples Sector Invests in Digital Transformation,The consumer staples sector is investing in digital transformation to enhance supply chain efficiency and improve customer engagement.,Consumer Staples,Positive
2023-11-09,2023-11-09,Packaged Foods Industry Faces Competition from Fresh Alternatives,"The packaged foods industry is facing competition from fresh alternatives, leading companies to innovate and diversify their product offerings.",Consumer Staples,Neutral
2023-11-10,2023-11-10,E-commerce Growth Boosts Consumer Discretionary Sector,"The consumer discretionary sector is seeing growth driven by the expansion of e-commerce, with online sales reaching new heights.",Consumer Discretionary,Positive
2023-11-11,2023-11-11,Automotive Industry Adapts to Electric Vehicle Trend,"The automotive industry is adapting to the trend of electric vehicles, with major manufacturers launching new electric models.",Consumer Discretionary,Positive
2023-11-12,2023-11-12,Fashion Industry Faces Challenges with Sustainability,"The fashion industry is facing challenges with sustainability, as consumers demand more ethical and eco-friendly products.",Consumer Discretionary,Negative
2023-11-13,2023-11-13,Travel and Leisure Sector Rebounds Post-Pandemic,"The travel and leisure sector is rebounding post-pandemic, with increased bookings and rising consumer confidence in travel.",Consumer Discretionary,Positive
2023-11-14,2023-11-14,Retail Sector Embraces Omnichannel Strategies,The retail sector is embracing omnichannel strategies to provide seamless shopping experiences across online and offline platforms.,Consumer Discretionary,Positive
2023-11-15,2023-11-15,Consumer Electronics Market Grows with Smart Home Devices,"The consumer electronics market is growing with the increasing adoption of smart home devices, driving innovation and sales.",Consumer Discretionary,Positive
2023-11-16,2023-11-16,Entertainment Industry Sees Shift to Streaming Platforms,"The entertainment industry is seeing a shift to streaming platforms, with traditional media companies adapting to the new digital landscape.",Consumer Discretionary,Neutral
2023-11-17,2023-11-17,Home Improvement Sector Benefits from DIY Trends,"The home improvement sector is benefiting from DIY trends, with consumers investing in home renovation and improvement projects.",Consumer Discretionary,Positive
2023-11-18,2023-11-18,Luxury Goods Market Faces Challenges with Changing Consumer Preferences,"The luxury goods market is facing challenges with changing consumer preferences, as younger generations prioritize experiences over material goods.",Consumer Discretionary,Negative
2023-11-19,2023-11-19,Consumer Discretionary Sector Sees Growth in Subscription Services,"The consumer discretionary sector is seeing growth in subscription services, with companies offering personalized and convenient options for consumers.",Consumer Discretionary,Positive
2023-11-20,2023-11-20,Healthcare Sector Advances with Telemedicine Adoption,"The healthcare sector is advancing with the adoption of telemedicine, providing greater access to medical services and improving patient outcomes.",Healthcare,Positive
2023-11-21,2023-11-21,Pharmaceutical Industry Invests in Vaccine Development,"The pharmaceutical industry is investing heavily in vaccine development, aiming to address both existing and emerging health threats.",Healthcare,Positive
2023-11-22,2023-11-22,Medical Device Industry Faces Regulatory Hurdles,"The medical device industry is facing regulatory hurdles, with new compliance standards affecting product development and market entry.",Healthcare,Negative
2023-11-23,2023-11-23,Healthcare Providers Embrace Digital Health Solutions,"Healthcare providers are embracing digital health solutions, including electronic health records and telehealth platforms, to improve patient care.",Healthcare,Positive
2023-11-24,2023-11-24,Biotech Sector Sees Breakthroughs in Gene Therapy,"The biotech sector is seeing breakthroughs in gene therapy, with new treatments showing promise for a range of genetic disorders.",Healthcare,Positive
2023-11-25,2023-11-25,Healthcare Sector Faces Staffing Shortages,"The healthcare sector is facing staffing shortages, impacting the delivery of services and leading to increased workloads for existing staff.",Healthcare,Negative
2023-10-01,2023-10-01,Healthcare Giant Acquires Biotech Startup,"In a strategic move, Healthcare Giant Inc. has acquired the promising biotech startup BioInnovate. This acquisition aims to bolster the company's research and development capabilities in the field of personalized medicine.",Healthcare,Positive
2023-10-02,2023-10-02,Pharmaceutical Company Releases New Drug,"PharmaLeader has released its much-anticipated drug for treating chronic migraines. Early clinical trials show promising results, providing hope for millions of sufferers worldwide.",Healthcare,Positive
2023-10-03,2023-10-03,Hospital Group Faces Legal Challenges,A major hospital group is facing multiple lawsuits over alleged malpractice and patient neglect. These legal battles could have significant financial repercussions for the group.,Healthcare,Negative
2023-10-04,2023-10-04,Healthcare Provider Expands Telemedicine Services,"HealthConnect has announced an expansion of its telemedicine services, aiming to reach rural and underserved communities. This initiative is expected to improve healthcare accessibility.",Healthcare,Positive
2023-10-05,2023-10-05,Medical Device Company Faces Recall,MedTech Solutions is facing a massive recall of its heart stents due to potential safety issues. The recall is expected to impact the company's financial performance significantly.,Healthcare,Negative
2023-10-06,2023-10-06,Healthcare Startup Secures Major Funding,"HealthInnovate, a startup focused on AI-driven diagnostics, has secured $50 million in Series B funding. The investment will fuel further development and market expansion.",Healthcare,Positive
2023-10-07,2023-10-07,Insurance Company Introduces New Health Plans,Major Insurance has introduced new health plans aimed at providing more comprehensive coverage at affordable rates. The new plans are expected to attract a large number of new customers.,Healthcare,Positive
2023-10-08,2023-10-08,Healthcare Workers Strike Over Pay Disputes,Healthcare workers at several hospitals have gone on strike demanding better pay and working conditions. The strike could lead to disruptions in patient care services.,Healthcare,Negative
2023-10-09,2023-10-09,New Health Regulations Announced,The government has announced new health regulations aimed at improving patient safety and care standards. The new regulations will come into effect next year.,Healthcare,Neutral
2023-10-10,2023-10-10,Healthcare Conference Highlights Innovations,"The annual Global Healthcare Conference showcased the latest innovations in medical technology, with a focus on AI and telemedicine. Industry leaders discussed the future of healthcare.",Healthcare,Positive
2023-10-01,2023-10-01,Financial Firm Announces Record Profits,"Leading financial firm WealthWorks has announced record profits for the third quarter, driven by strong performance in its investment banking division.",Financials,Positive
2023-10-02,2023-10-02,Bank Faces Investigation Over Fraud Allegations,GlobalBank is under investigation for alleged fraud and money laundering activities. The bank's shares have plummeted following the announcement.,Financials,Negative
2023-10-03,2023-10-03,Insurance Company Launches New Products,SecureLife Insurance has launched a range of new insurance products tailored to the needs of millennials. The new products are expected to boost the company's market share.,Financials,Positive
2023-10-04,2023-10-04,Financial Regulator Issues New Guidelines,The Financial Regulatory Authority has issued new guidelines aimed at enhancing transparency and accountability in the financial sector. These guidelines will come into effect next quarter.,Financials,Neutral
2023-10-05,2023-10-05,Investment Firm Acquires Real Estate Portfolio,CapitalInvest has acquired a prime real estate portfolio worth $2 billion. The acquisition is expected to provide steady returns and diversify the firm's investment portfolio.,Financials,Positive
2023-10-06,2023-10-06,Credit Card Company Faces Data Breach,SecureCard is dealing with a massive data breach that has compromised the personal information of millions of customers. The company is working to mitigate the impact.,Financials,Negative
2023-10-07,2023-10-07,Financial Services Firm Expands to Asia,FinServ Global has announced its expansion into the Asian market. The move is part of the firm's strategy to tap into the growing demand for financial services in the region.,Financials,Positive
2023-10-08,2023-10-08,Stock Market Hits Record High,"The stock market has hit a record high, driven by positive economic data and strong corporate earnings. Investors are optimistic about the market's future performance.",Financials,Positive
2023-10-09,2023-10-09,Hedge Fund Manager Faces Legal Trouble,A prominent hedge fund manager is facing legal trouble over accusations of insider trading. The allegations have sent shockwaves through the financial community.,Financials,Negative
2023-10-10,2023-10-10,Financial Conference Highlights Blockchain Technology,The annual Financial Innovation Conference focused on the potential of blockchain technology to revolutionize the financial industry. Experts discussed the challenges and opportunities in adopting blockchain.,Financials,Positive
2023-10-01,2023-10-01,Tech Giant Releases New Smartphone,"MegaTech has released its latest smartphone model, featuring cutting-edge technology and innovative features. The launch has generated significant buzz in the market.",Information Technology,Positive
2023-10-02,2023-10-02,Cybersecurity Firm Reports Major Breach,SecureNet has reported a major security breach affecting thousands of its clients. The company is working to address the vulnerabilities and prevent future incidents.,Information Technology,Negative
2023-10-03,2023-10-03,Software Company Acquires AI Startup,"SoftTech has acquired AI Innovators, a startup specializing in artificial intelligence solutions. The acquisition aims to enhance SoftTech's capabilities in AI and machine learning.",Information Technology,Positive
2023-10-04,2023-10-04,Tech Firm Expands Cloud Services,"CloudTech has announced the expansion of its cloud services, aiming to provide more robust and scalable solutions for businesses. The expansion is expected to boost the company's revenue.",Information Technology,Positive
2023-10-05,2023-10-05,Tech Startup Secures Series A Funding,"InnovateTech, a startup focused on blockchain technology, has secured $20 million in Series A funding. The investment will support the startup's growth and development efforts.",Information Technology,Positive
2023-10-06,2023-10-06,Tech Company Faces Antitrust Investigation,MegaCorp is facing an antitrust investigation over allegations of monopolistic practices. The investigation could have significant implications for the company's business operations.,Information Technology,Negative
2023-10-07,2023-10-07,E-commerce Platform Announces Record Sales,"ShopOnline has announced record sales for the third quarter, driven by strong demand for online shopping. The platform continues to grow its customer base rapidly.",Information Technology,Positive
2023-10-08,2023-10-08,Tech Conference Showcases Innovations,"The annual Tech Innovators Conference showcased the latest advancements in technology, including AI, blockchain, and cybersecurity. Industry leaders discussed the future of tech.",Information Technology,Positive
2023-10-09,2023-10-09,Tech Firm Launches New Software Suite,SoftSolutions has launched a new software suite aimed at improving business productivity and efficiency. The suite includes a range of tools designed to streamline operations.,Information Technology,Positive
2023-10-10,2023-10-10,Tech Industry Faces Talent Shortage,"The tech industry is facing a significant talent shortage, with many companies struggling to find qualified professionals. The shortage could impact innovation and growth in the sector.",Information Technology,Negative
2023-10-01,2023-10-01,Telecom Company Expands 5G Network,"CommNet has announced the expansion of its 5G network, aiming to provide faster and more reliable connectivity to customers. The expansion is expected to enhance the company's market position.",Communication Services,Positive
2023-10-02,2023-10-02,Media Company Acquires Streaming Service,"MediaCorp has acquired StreamPlus, a popular streaming service. The acquisition aims to strengthen MediaCorp's presence in the digital entertainment space.",Communication Services,Positive
2023-10-03,2023-10-03,Telecom Giant Faces Regulatory Fines,TeleCom is facing significant regulatory fines over violations of consumer protection laws. The fines could impact the company's financial performance.,Communication Services,Negative
2023-10-04,2023-10-04,Social Media Platform Introduces New Features,SocialConnect has introduced new features aimed at enhancing user experience and engagement. The new features include improved privacy settings and interactive tools.,Communication Services,Positive
2023-10-05,2023-10-05,Telecom Company Reports Network Outage,GlobalTel has reported a major network outage affecting millions of customers. The company is working to restore services and address the underlying issues.,Communication Services,Negative
2023-10-06,2023-10-06,Streaming Service Hits New Subscriber Milestone,StreamNow has hit a new milestone with 50 million subscribers. The growth is attributed to the platform's diverse content library and user-friendly interface.,Communication Services,Positive
2023-10-07,2023-10-07,Telecom Firm Partners with Tech Company,TelTech has partnered with InnovateTech to develop and deploy next-generation communication solutions. The partnership aims to drive innovation in the telecom sector.,Communication Services,Positive
2023-10-08,2023-10-08,Media Company Launches New Channel,MediaWorld has launched a new channel focused on lifestyle and wellness content. The new channel aims to attract a diverse audience and boost viewership.,Communication Services,Positive
2023-10-09,2023-10-09,Telecom Industry Faces Cybersecurity Threats,"The telecom industry is facing increasing cybersecurity threats, with several companies reporting data breaches and hacking attempts. The industry is working to enhance security measures.",Communication Services,Negative
2023-10-10,2023-10-10,Telecom Conference Highlights 5G Innovations,The annual Global Telecom Conference highlighted the latest innovations in 5G technology. Industry leaders discussed the potential of 5G to transform communication services.,Communication Services,Positive
2023-10-01,2023-10-01,Utility Company Expands Renewable Energy Projects,"GreenEnergy has announced the expansion of its renewable energy projects, including new solar and wind farms. The expansion aims to increase the company's clean energy output.",Utilities,Positive
2023-10-02,2023-10-02,Utility Firm Faces Regulatory Scrutiny,PowerGrid is facing regulatory scrutiny over allegations of environmental violations. The company is cooperating with authorities to resolve the issues.,Utilities,Negative
2023-10-03,2023-10-03,Water Utility Company Launches Conservation Program,AquaLife has launched a new water conservation program aimed at reducing water usage and promoting sustainable practices. The program is expected to benefit both customers and the environment.,Utilities,Positive
2023-10-04,2023-10-04,Utility Sector Faces Rising Costs,The utility sector is facing rising costs due to increased regulatory requirements and infrastructure upgrades. These costs could impact the profitability of utility companies.,Utilities,Negative
2023-10-05,2023-10-05,Utility Company Announces Dividend Increase,"EnergyCorp has announced an increase in its quarterly dividend, reflecting the company's strong financial performance and commitment to returning value to shareholders.",Utilities,Positive
2023-10-06,2023-10-06,Utility Firm Partners with Tech Company,PowerTech has partnered with InnovateSolutions to develop smart grid technologies. The partnership aims to improve the efficiency and reliability of the power grid.,Utilities,Positive
2023-10-07,2023-10-07,Utility Company Faces Cyber Attack,"UtilityPlus has reported a cyber attack on its systems, affecting operations and customer data. The company is working to restore services and enhance security measures.",Utilities,Negative
2023-10-08,2023-10-08,Energy Conference Discusses Future of Renewables,"The annual Energy Innovation Conference focused on the future of renewable energy, with industry leaders discussing the challenges and opportunities in transitioning to clean energy sources.",Utilities,Positive
2023-10-09,2023-10-09,Utility Company Expands Electric Vehicle Charging Network,"ChargeUp has announced the expansion of its electric vehicle charging network, aiming to support the growing demand for EV infrastructure and promote sustainable transportation.",Utilities,Positive
2023-10-10,2023-10-10,Utility Sector Faces Climate Change Challenges,"The utility sector is facing significant challenges due to climate change, including increased frequency of extreme weather events. Companies are investing in resilience and adaptation measures.",Utilities,Neutral
2023-10-01,2023-10-01,Real Estate Firm Acquires Prime Property,BigCity Realty has acquired a prime commercial property in downtown Manhattan. The acquisition is expected to generate significant rental income and boost the firm's portfolio.,Real Estate,Positive
2023-10-02,2023-10-02,Real Estate Market Faces Uncertainty,The real estate market is facing uncertainty due to rising interest rates and economic instability. Industry experts are cautious about the market's short-term prospects.,Real Estate,Negative
